{
  "Aberdeen": [57.145503, -2.095664],
  "Abu Dhabi": [24.464317, 54.317177],
  "Aix-en-Provence": [43.526841, 5.449122],
  "Almeria": [36.833237, -2.464437],
  "Amman": [31.951901, 35.939246],
  "Amsterdam": [52.374551, 4.898024],
  "Andorre": [42.508861407178124, 1.5294361956130766],
  "Antibes": [43.590479, 7.096067],
  "Apeldoorn": [52.213239, 5.962661],
  "Aqaba": [29.530645, 35.001904],
  "Arcachon": [44.665065841612986, -1.1687495710907656],
  "Athènes": [37.972427, 23.725972],
  "Atlanta": [33.755462, -84.391075],
  "Austin": [30.275017, -97.740405],
  "Bagan": [21.172086, 94.858564], 
  "Bangkok": [13.750295, 100.491229],
  "Barcelone": [41.375914, 2.177753],
  "Bari": [41.130624, 16.870126],
  "Bayonne": [43.494526, -1.471738],
  "Belfast": [54.596751, -5.930121],
  "Belgrade": [44.809561, 20.429907],
  "Berlin": [52.518951, 13.376294],
  "Biarritz": [43.483996, -1.568356],
  "Bilbao": [43.268946, -2.933890],
  "Bordeaux": [44.841288162599234, -0.578518940479906],
  "Boston": [42.356477, -71.055705],
  "Boukhara": [39.773405, 64.418326],
  "Braila": [45.271570, 27.974395],
  "Brasov": [45.642376, 25.589034],
  "Bratislava": [48.142932, 17.105257],
  "Brest-Litovsk": [52.086520, 23.696385],
  "Brno": [49.195181, 16.608217],
  "Bruges": [51.209107, 3.224359],
  "Bruxelles": [50.846916, 4.352344],
  "Bucarest": [44.432121, 26.097244],
  "Budapest": [47.507556, 19.045564],
  "Canaries": [28.141386, -15.429751],
  "Carcassonne": [43.207002, 2.365456],
  "Cavaillon": [43.836648414905675, 5.040782516485193],
  "Cesky Krumlov": [48.813069, 14.315149],
  "Chicago": [41.883447, -87.621909],
  "Chiraz": [29.608819, 52.548436],
  "Chisinau": [47.025500, 28.832538],
  "Cinque Terre": [44.135427, 9.682586],
  "Cologne": [50.941728, 6.958284],
  "Connemara": [53.543444, -9.885382],
  "Copenhague": [55.676546, 12.580510],
  "Costanta": [44.174580, 28.658409],
  "Cracovie": [50.054393, 19.935289],
  "Cuenca": [-2.896981, -79.005369],
  "Cyclades": [37.110550, 25.372373],
  "Dallas": [32.779954, -96.808527],
  "Denpasar": [-8.669394, 115.233923],
  "Detroit": [42.329715, -83.039671],
  "Digue du Nord": [53.033523, 5.226112],
  "Dresde": [51.052270, 13.741564],
  "Dubai": [25.200297, 55.274834],
  "Dublin": [53.345035, -6.267480],
  "Dubrovnik": [42.640170, 18.110580],
  "Edimbourg": [55.949300, -3.199899],
  "Florence": [43.770053, 11.255552],
  "Fort-de-France": [14.5317, -61.0648],
  "Francfort": [50.112108, 8.684789],
  "Genève": [46.205119, 6.143240],
  "Gibraltar": [36.144416, -5.341763],
  "Glasgow": [55.864468, -4.251897],
  "Guayaquil": [-2.191885, -79.880571],
  "Hambourg": [53.551988, 9.992248],
  "Harbin": [45.770946, 126.627617],
  "Heidelberg": [49.411011, 8.692496],
  "Helsinki": [60.167893, 24.953608],
  "Heraklion": [35.339363, 25.137116],
  "Hiroshima": [34.396391, 132.453744],
  "Hong Kong": [22.282567, 114.174161],
  "Houston": [29.762405, -95.362644],
  "Hyères": [43.030617, 6.154384],
  "Inle Lake": [20.592579, 96.908969],
  "Inverness": [57.476457, -4.225515],
  "Irkoutsk": [52.291729, 104.281152],
  "Isola 2000": [44.186840, 7.157679],
  "Ispahan": [32.653739, 51.670132],
  "Istanbul": [41.01224, 28.976018],
  "Karlovy Vary": [50.223862, 12.883093],
  "Kaunas": [54.899315, 23.885401],
  "Kerry": [51.971, -9.75],
  "Key West": [24.555587, -81.803841],
  "Khabarovsk": [48.481293, 135.072445],
  "Khiva": [41.377015, 60.360057],
  "Kiev": [50.454775, 30.514228],
  "Klaipeda": [55.707757, 21.128855],
  "Kyaiktiyo": [17.481660, 97.098222],
  "Kyoto": [34.988245, 135.759716],
  "La Haye": [52.081317, 4.306330],
  "Lac Majeur": [45.896469, 8.526403],
  "Las Vegas": [36.113422, -115.176996],
  "Leipzig": [51.340024, 12.375670],
  "Lisbonne": [38.707745, -9.136497],
  "Ljubljana": [46.049092, 14.508335],
  "Londres": [51.501826, -0.124683],
  "Los Angeles": [34.054592, -118.242776],
  "Lucerne": [47.052293, 8.307426],
  "Luosto": [67.154334, 26.915624],
  "Luoyang": [34.643966, 112.453885],
  "Luxembourg": [49.611171, 6.132753],
  "Macao": [22.198363, 113.540670],
  "Madrid": [40.416359, -3.707478],
  "Makassar": [-5.140308, 119.407723],
  "Mandalay": [21.993389, 96.096510],
  "Marrakech": [31.627845, -7.988757],
  "Marseille": [43.295256, 5.373908],
  "Miami": [25.778742, -80.186769],
  "Milan": [45.4666, 9.1666],
  "Minsk": [53.900773, 27.557878],
  "Mlada Boleslav": [50.409013, 14.900873],
  "Montauban": [44.017174, 1.349364],
  "Montpellier": [43.608885533320475, 3.8797851746424477],
  "Montreal": [45.509717, -73.553857],
  "Moscou": [55.788225, 37.618899],
  "Mostar": [43.337954, 17.814816],
  "Munich": [48.142798, 11.579780],
  "Nankin": [32.069183, 118.750407],
  "Naples": [40.836761, 14.250430],
  "Narbonne": [43.183398, 3.003727],
  "Neuchâtel": [46.992642, 6.926619],
  "New Orleans": [29.962986, -90.063297],
  "New York": [40.713539, -74.006815],
  "Nicosie": [35.172795, 33.355764],
  "Nuremberg": [49.453095, 11.076773],
  "Nîmes": [43.835090, 4.359611],
  "Omsk": [54.985499, 73.364970],
  "Orlando": [28.512946, -81.376315],
  "Osterode": [51.728201, 10.250490],
  "Ottawa": [45.426013, -75.700775],
  "Page": [36.917926, -111.458741],
  "Paris": [48.861126, 2.337618],
  "Pekin": [39.921589, 116.390363],
  "Perros-Guirec": [48.81554680394506, -3.458414775589516],
  "Philadelphie": [39.951219, -75.149723],
  "Pointe-à-Pitre": [16.237496, -61.536571],
  "Porto": [41.158657, -8.628967],
  "Prague": [50.087642, 14.420696],
  "Pristina": [42.663484, 21.163246],
  "Prora": [54.439087, 13.575471],
  "Przemysl": [49.781074, 22.765234],
  "Puyo": [-1.487087, -77.998540],
  "Quimper": [47.99589672322595, -4.102683842473592],
  "Quito": [-0.212766, -78.507038],
  "Québec": [46.812351, -71.205039],
  "Rennes": [48.111585899925906, -1.6801494828807644],
  "Riga": [56.947534, 24.106897],
  "Rome": [41.901337, 12.483360],
  "Rostock": [54.090109, 12.138733],
  "Rothenburg": [49.377504, 10.178675],
  "Salamanque": [40.965538, -5.664146],
  "Salzbourg": [47.802940, 13.043813],
  "Samarcande": [39.655500, 66.975773],
  "San Antonio": [29.425105, -98.488461],
  "San Francisco": [37.802544, -122.405826],
  "San Sebastian": [43.318855, -1.986064],
  "Sebastopol": [44.618678, 33.524294],
  "Seoul": [37.553345, 126.988757],
  "Shanghai": [31.241413, 121.490477],
  "Sibiu": [45.797151, 24.151317],
  "Singapour": [1.287168, 103.854528],
  "Skopje": [42.001388, 21.437284],
  "Smolensk": [54.789476, 32.054388],
  "Sofia": [42.697091, 23.332885],
  "St Petersbourg": [59.946896, 30.315468],
  "St-Cirq-Lapopie": [44.464757, 1.669826],
  "St-Malo": [48.65004393155752, -2.0285358359948726],
  "St-Tropez": [43.272161, 6.639282],
  "Stockholm": [59.327029, 18.071661],
  "Stuttgart": [48.775339, 9.178164],
  "Suzhou": [31.320990, 120.592218],
  "Sydney": [-33.856155, 151.215275],
  "Syracuse": [37.059803, 15.293537],
  "Szczecin": [53.429147, 14.559517],
  "Szeged": [46.250954, 20.148574],
  "Sète": [43.401762, 3.697457],
  "Séville": [37.383956, -5.990307],
  "Tachkent": [41.303043, 69.259805],
  "Tallinn": [59.437676, 24.745661],
  "Teheran": [35.682881, 51.420814],
  "Thessalonique": [40.627219, 22.948198],
  "Tirana": [41.328639, 19.817980],
  "Tokyo": [35.686329, 139.752692],
  "Tolède": [39.858189, -4.020404],
  "Toronto": [43.644454, -79.386692],
  "Toulouse": [43.60491498027415, 1.4457006215041872],
  "Turin": [45.073685, 7.686340],
  "Vaduz": [47.140622, 9.524397],
  "Valberg": [44.095552, 6.930429],
  "Valence": [39.475108, -0.378127],
  "Valensole": [43.837274, 5.985012],
  "Vannes": [47.65676529616068, -2.7565500603155915],
  "Varsovie": [52.249620, 21.014462],
  "Venise": [45.435083, 12.339830],
  "Vienne": [48.208716, 16.373530],
  "Vilnius": [54.678356, 25.286866],
  "Vladivostok": [43.116524, 131.882123],
  "Volgograd": [48.715822, 44.532975],
  "Washington": [38.898274, -77.036943],
  "Wroclaw": [51.113049, 17.032031],
  "Wurtzbourg": [49.793029, 9.939289],
  "Xian": [34.262334, 108.947176],
  "Yangon": [16.801266, 96.149564],